yC,x1,x2,x3,x4,x5,x6,x7,x8,x9,x10,x11,x12,x13,x14,x15,x16,x17,x18,x19,x20,x21,x22,x23,x24,x25,x26,x27,x28,x29,x30,x31,x32
1,49.454,99.1,0,1,0,0,0,15.99152,29,32.204072,5.613654,3.49831,0,1,0,0,1,0,0,0,0.1489,0,0.4862,0,7,6,35.4226,0,0,6,0.6082863,0.8995687
1,67.181,31.8,0,0,1,0,0,14.41003,37,5.8551212,9.257285,42.23,0,0,0,1,0,0,0,0,0.0467,0,0.8553,0.0065,6,6,74.8292,0,0,6,0.2578665,0.4623231
1,78.036341,5,0,0,0,0,0,12.44834,31,2.5419052,10.62573,0,1,0,0,0,0,0,0,0,0.965,0,0.0002,0,7,6,65.9798,0,0,1,0.0675639,0.1350472
3,70.836,36.3,0,0,0,1,0,18.26236,45,43.909501,8.786339,8.87417,0,0,0,0,0,1,0,0,0.9685,0.0013,0,0,6,6,38.3062,1,0,4,0.061094,0.1217318
0,53.589,106.1,0,1,0,0,0,15.26442,0,18.450919,5.554542,11.8025,0,1,0,1,0,0,0,0,0.0253,0,0.0043,0.51,6,5,35.8472,0,0,6,0.5272733,0.9698773
1,67.879,42.3,0,0,0,0,1,15.07912,31,124.27696,7.091951,0,0,1,0,0,0,0,0,0,0.8748,0.0002,0.0022,0.0001,7,3,81.3357,0,0,5,0.2196648,0.4361013
1,71.246,31.3,1,0,0,0,0,12.14181,31,8.2223586,7.922651,0.913628,0,0,1,0,0,1,0,0,0.8673,0.0111,0.0053,0.0032,6,6,122.285,0,0,1,0.2348376,0.4452922
0,71.836,34.8,0,0,0,0,1,15.00535,44,119.94679,7.381654,10.4237,0,0,0,0,0,0,0,0,0.2999,0.0001,0.42,0,8,4,38.0658,0,0,7,0.65526,0.8869081
6,65.256,40.5,0,0,0,1,0,17.9418,0,207.75849,6.910264,2.22729,1,0,0,1,0,0,0,0,0.927,0,0.046,0.001,4,6,60.8003,0,0,3,0.137878,0.2616364
5,68.107317,14.4,1,0,0,0,0,11.14918,31,151.10217,9.057555,0,1,0,0,0,1,0,0,0,0.9707,0,0.0023,0,5,6,129.226,0,0,6,0.0570072,0.1132911
0,71.160732,12,0,0,0,0,0,15.12326,31,58.995501,8.813744,0.015594,0,0,0,0,0,0,0,0,0.8541,0.0015,0.002,0.0002,8,4,112.761,0,0,2,0.2502861,0.4951354
2,70.890244,15.1,0,0,0,0,0,17.45601,45,124.42712,8.472944,1.68398,0,0,0,0,0,0,0,0,0.972,0.0001,0.0001,0,6,6,45.857,0,0,2,0.0544431,0.1088213
1,76.970732,8.4,0,0,0,0,0,17.85362,45,192.85043,10.17856,0.151628,0,0,0,0,0,0,0,0,0.8441,0.0007,0.0104,0.0001,8,5,37.9898,0,0,1,0.2664484,0.5163815
2,56.638,31.2,1,0,0,0,0,12.65025,31,11.141122,6.893602,6.97441,1,0,0,0,0,0,0,1,0.95,0,0.0014,0.0033,5,6,94.7451,0,0,1,0.0954351,0.1883878
0,69.511,18.1,1,0,0,0,0,16.66793,0,276.34688,6.676878,1.50043,1,0,1,1,0,0,0,0,0.0773,0,0.0883,0.6856,8,5,68.2439,0,0,4,0.494039,0.717006
3,61.539,49,1,0,0,0,0,14.16242,31,1.7183398,7.900764,12.1538,0,0,1,0,1,0,0,0,0.9231,0.0012,0.0001,0,5,7,119.322,0,0,2,0.1421696,0.2832491
1,71.383902,10.3,0,0,0,0,0,16.15089,31,133.73049,9.243958,0.078709,0,1,0,0,0,0,0,0,0.2978,0.0007,0.0001,0.001,8,4,78.2285,0,0,6,0.4207535,0.8369913
4,37.348,155.4,1,0,0,0,0,15.27697,31,59.742948,6.23128,12.5428,0,0,0,0,1,0,0,0,0.1131,0,0.45,0,7,7,46.2159,0,0,6,0.5938268,0.9208212
1,70.877,16.1,0,0,0,0,1,15.31143,31,87.176211,6.451932,0.063613,0,0,0,0,0,0,0,0,0.51,0.0001,0.4037,0,8,4,101.847,1,0,6,0.5694959,0.9256806
2,67.866,46.4,0,0,0,1,0,15.78732,44,148.69897,7.745234,2.06139,1,0,0,0,0,1,0,0,0.8506,0,0.0002,0.0002,6,6,77.5176,0,0,2,0.2542786,0.5079483
1,72.170488,11.1,0,0,0,0,0,15.37995,31,85.494545,9.094625,1.77959,0,0,0,0,0,0,0,0,0.8972,0.0002,0.0182,0,8,4,163.78,0,0,3,0.1875775,0.3583924
1,75.227756,7,0,0,0,0,0,18.19042,31,227.51705,10.27381,0.238623,0,0,0,0,0,0,0,0,0.7879,0.0006,0.0359,0.0009,9,4,49.6642,1,0,1,0.3474035,0.632403
5,76.607317,9.7,0,0,0,0,1,15.35453,0,215.34196,9.677633,0.029949,0,0,1,1,0,0,0,0,0.0246,0.7901,0.1745,0,6,6,80.0758,0,0,2,0.34457,0.6274964
3,75.638,14.3,0,0,0,1,0,14.94562,44,60.63445,8.07544,1.15161,0,0,0,0,0,0,1,0,0.9343,0.0014,0,0.0007,5,6,66.5006,0,0,1,0.1230361,0.244563
1,71.383,16,1,0,0,0,0,12.46987,31,605.52093,9.455229,0.592806,1,0,1,0,0,1,0,0,0.6894,0.0001,0.0042,0.0004,6,6,100.831,0,0,1,0.431135,0.8503504
2,64.169,50.9,0,0,0,1,0,15.23731,0,34.44046,6.841246,10.1087,0,0,0,0,0,0,1,0,0.9602,0.0001,0.0002,0.0011,5,6,71.2908,0,0,3,0.0765401,0.1524566
0,41.696,132,0,0,1,0,0,16.3146,0,9.7629269,7.545124,30.4279,0,0,0,0,1,0,0,0,0.9289,0,0.0091,0.0001,6,4,59.841,0,0,7,0.1332304,0.260102
1,70.932683,12.6,0,0,0,0,0,15.48306,31,110.17021,8.805051,0.263515,0,1,0,0,0,0,0,0,0.7269,0.0002,0,0,8,4,62.0863,0,0,3,0.3971419,0.7938078
1,49.043,119.7,0,0,0,0,0,17.35979,23,15.268556,6.224655,15.8977,0,0,0,0,1,0,0,0,0.9365,0,0.0122,0.0001,6,6,58.7084,0,0,6,0.1201975,0.2333032
1,69.293,42.1,0,0,0,0,0,20.85006,23,120.91551,6.142694,8.08086,0,0,0,1,0,0,0,0,0.0442,0,0.015,0.1211,6,5,29.1592,0,0,7,0.3112481,0.5444928
1,45.746,130.1,0,1,0,0,0,15.95147,0,6.9375982,5.814981,2.43365,0,1,0,0,1,0,0,0,0.0191,0,0.8783,0,6,6,50.877,0,0,6,0.2176975,0.414741
0,68.014,36.3,0,0,0,1,0,15.25386,42,10.605945,7.216341,3.36174,0,1,0,0,0,0,1,0,0.9819,0.0006,0,0.0015,6,6,72.7405,0,0,4,0.0356138,0.0708209
1,34.217,92.6,0,0,0,0,0,15.79455,0,293.30353,5.424895,2.30127,0,1,0,0,1,0,0,0,0.7941,0,0.0774,0,8,6,19.6842,0,0,6,0.3469022,0.5990279
3,71.565,25.4,0,0,0,1,0,17.30379,38,11.959608,8.215269,3.37783,0,0,0,0,0,0,1,0,0.906,0.0191,0,0,5,7,14.9909,1,0,1,0.1731892,0.330825
2,71.963415,14.2,1,0,0,0,0,11.16939,31,94.568,8.302346,0.083573,1,0,0,0,0,1,0,0,0.965,0,0,0.0013,5,7,135.079,0,0,2,0.0676376,0.1347679
1,75.935683,10,1,0,0,0,0,12.77753,31,1106.7813,9.177732,0,1,0,0,0,0,0,0,0,0.9891,0.0001,0.0035,0,7,6,164.484,0,0,1,0.0216156,0.0429152
2,52.209,86,0,1,0,0,0,16.2764,28,24.783097,6.877133,11.3311,0,0,0,0,1,0,0,0,0.5258,0,0.212,0,7,6,37.4964,0,0,6,0.6098415,0.8689551
0,68.886098,18.5,0,0,0,0,0,18.81469,0,9.0477396,8.651821,18.2943,0,0,0,1,0,0,0,0,0.2437,0.0101,0.1014,0.002,7,3,36.1068,1,0,5,0.5170305,0.8074116
0,74.809098,7.7,1,0,0,0,0,15.07226,45,51.008477,10.02962,0.514517,1,0,1,0,0,0,0,0,0.9461,0.0004,0.0021,0,5,6,108.742,0,0,1,0.1022483,0.2030276
4,71.108,18.6,1,0,0,0,0,11.83635,31,226.53279,8.497351,0,1,0,0,0,0,1,0,0,0.9854,0,0,0,5,7,156.725,0,0,1,0.0287737,0.0575474
1,77.377073,6.8,1,0,0,0,0,17.14022,45,3.0561356,10.24421,3.69617,0,0,1,0,0,1,0,0,0.8789,0.0126,0.009,0.018,6,6,51.4967,1,0,1,0.2203288,0.4008066
2,66.725,45.1,0,0,0,1,0,15.41597,43,44.287497,7.045093,6.80952,0,0,0,0,0,1,0,0,0.9637,0.0001,0.0012,0.0005,5,6,77.1476,0,0,2,0.0700904,0.1394534
0,67.643,27.5,0,0,0,0,1,15.12276,31,128.74909,7.242871,0,0,1,0,0,0,0,0,0,0.9481,0.0116,0.0073,0,7,4,98.7827,0,0,5,0.0998295,0.1915662
4,65.95122,26.1,1,0,0,0,0,10.61727,31,157.05385,8.886609,0,1,0,1,0,0,1,0,0,0.877,0,0,0,6,7,134.894,1,0,1,0.215742,0.431484
0,70.727,14.3,1,0,0,0,0,16.70801,23,54.902818,8.054242,17.0665,0,0,1,1,0,0,0,0,0.08,0,0.586,0.182,7,6,146.964,1,0,5,0.593976,0.7789662
1,68.292,28.9,0,0,0,1,0,17.34983,0,30.889198,7.921613,9.10708,0,0,0,0,0,0,1,0,0.9591,0.0003,0.0006,0,6,5,35.3864,0,0,3,0.0785267,0.156637
1,64.877,48.2,0,0,1,0,0,12.74222,31,84.834491,7.166003,0.259566,1,0,0,0,1,0,0,0,0.9599,0,0.0223,0,5,6,85.9516,0,0,5,0.0777779,0.1509835
0,46.576,138.2,1,0,0,0,0,16.06021,31,100.10133,5.617317,6.52913,0,1,1,0,1,0,0,0,0.6458,0,0.2,0,6,6,57.2028,0,0,7,0.5191647,0.7993318
2,62.261,60.1,0,0,0,1,0,16.04163,0,86.448423,7.444263,2.7813,0,0,0,0,0,0,1,0,0.9254,0.0001,0.0001,0.0002,6,6,45.8695,0,0,3,0.1381291,0.2759281
0,45.375,108.2,0,0,0,0,0,15.81663,0,11.791607,6.022974,6.98427,0,0,0,0,1,0,0,0,0.0007,0,0.9942,0,6,6,47.5282,0,0,7,0.0115399,0.0230371
2,68.99,42.4,0,0,0,1,0,16.13967,45,36.909735,7.872157,21.6567,0,0,0,0,0,0,1,0,0.9621,0.0001,0,0.0001,6,6,64.9792,0,0,2,0.0729423,0.1457974
1,74.644,10.5,0,0,0,1,0,16.17467,40,98.529618,8.200313,0.950497,1,0,0,0,0,1,0,0,0.7229,0.0001,0.0008,0.0006,6,6,71.1145,0,0,7,0.4014592,0.7993249
2,70.14,20.2,1,0,0,0,0,11.58529,31,275.65385,8.016466,0,1,0,1,0,0,1,0,0,0.8625,0,0.0142,0,7,7,142.643,0,0,1,0.2406892,0.463257
0,61.215,60.2,0,1,0,0,0,13.76654,30,3.695471,9.019202,34.6789,0,0,0,0,1,0,0,0,0.8627,0,0.0428,0,7,6,76.8974,0,0,4,0.2449866,0.4481019
3,49.071,132.3,0,0,1,0,0,13.82772,20,35.998578,6.056658,10.0373,0,0,0,0,1,0,0,0,0.1196,0,0.33,0,5,6,46.9705,0,0,6,0.5738556,0.8870331
2,61.905,39.5,1,0,0,0,0,14.13608,31,2.4313377,8.226801,1.5331,0,1,1,0,1,0,0,0,0.5421,0.0002,0.0018,0,5,7,104.847,0,0,1,0.4982795,0.9906232
1,74.805366,7.3,0,0,0,0,0,15.45275,45,121.27716,10.51862,0.78581,0,0,0,0,0,0,0,0,0.9294,0.0013,0.0107,0.0022,6,6,69.7077,0,0,1,0.1329137,0.256418
2,72.079,15.1,1,0,0,0,0,14.55726,0,117.82351,9.607008,37.4538,0,0,0,1,0,0,0,0,0.0472,0,0.8968,0,8,4,103.011,0,1,7,0.1903859,0.3523268
0,73.204878,8.8,0,0,0,0,0,14.50774,31,99.213555,9.448152,0.009543,0,0,0,0,0,0,0,0,0.8958,0.0002,0.024,0,8,4,169.289,0,0,2,0.1905663,0.3602652
1,73.965854,11.5,0,0,0,0,0,16.11642,45,109.10621,9.573521,0.579518,0,0,0,0,0,0,0,0,0.944,0.0001,0.002,0.0051,6,6,66.3074,0,0,1,0.1064525,0.2087949
4,45.898,125.6,1,0,0,0,0,18.37222,25,104.60378,6.82242,47.4765,0,0,1,0,1,0,0,0,0.458,0,0.4461,0.0001,6,6,72.2405,1,1,5,0.5820531,0.928878
0,46.952,112.1,0,1,0,0,0,15.60005,0,4.7306695,6.086896,4.51907,0,1,0,0,1,0,0,0,0.3179,0,0.47,0.0001,7,6,41.387,0,0,7,0.6330956,0.8857048
0,76.939024,9.2,0,0,0,0,1,16.13758,41,79.106222,9.673008,0.243896,0,0,0,0,0,0,0,0,0.96,0.0006,0.0199,0,6,6,48.7495,0,0,1,0.0776234,0.1505013
3,65.541,57,0,0,0,1,0,16.89864,0,17.052077,7.563925,9.78176,0,0,0,0,0,0,1,0,0.9897,0.0002,0,0.0003,5,6,29.598,0,0,3,0.0203977,0.0407366
1,49.856,118.8,1,0,0,0,0,16.32096,0,18.762237,6.162105,9.39728,0,1,0,1,0,0,0,0,0.0004,0,0.9709,0.0003,6,6,24.7138,0,0,7,0.0565464,0.1128597
2,60.05,106.4,1,0,0,0,0,18.49466,0,139.68272,6.367379,3.56308,0,0,1,1,0,0,0,0,0.0341,0,0.9487,0.0007,7,5,38.9095,1,0,4,0.0985328,0.1902521
2,56.755,79.3,1,0,0,0,0,16.49847,28,64.28874,6.390283,4.36304,0,0,1,0,1,0,0,0,0.5514,0,0.1951,0,7,6,42.7282,0,0,6,0.5936317,0.8600109
2,67.393,40.9,0,0,0,0,0,12.91773,30,2.612,8.25374,25.4746,0,0,0,0,0,0,1,0,0.5855,0.0013,0.1619,0.0035,7,6,86.4924,0,0,4,0.5695593,0.8410617
2,72.39,19.6,1,0,0,0,0,13.11419,31,718.74058,9.66117,37.6808,1,0,0,1,0,0,0,0,0.0526,0.0005,0.8635,0.0002,6,6,210.161,0,0,6,0.2446785,0.4429865
1,64.851,25.4,0,0,0,0,0,12.00068,31,57.549823,7.376797,3.25634,1,0,0,0,0,0,0,1,0.9726,0,0.0002,0.0001,7,6,72.7679,0,0,2,0.0533148,0.1065344
3,58.865,64.1,1,0,0,0,0,15.27716,0,9.524045,6.916144,45.1362,1,0,0,0,0,0,0,1,0.9501,0.0001,0.0002,0.0015,6,6,89.5715,0,0,2,0.0949941,0.1889954
0,70.222,26.9,0,0,0,0,1,14.80988,0,264.22444,8.13138,0.056672,0,0,0,1,0,0,0,0,0.4697,0,0.5303,0,7,5,117.917,0,0,6,0.4981638,0.9963276
0,48.239,121,0,0,0,1,0,12.96418,31,15.217326,7.015221,12.5787,0,0,0,0,1,0,0,0,0.9155,0,0.02,0,7,5,101.745,0,0,7,0.1572995,0.300427
1,48.053,105.4,0,0,0,0,0,15.50476,30,210.88065,5.357094,9.32069,0,1,0,0,1,0,0,0,0.8962,0,0.0194,0,7,6,35.6481,0,0,7,0.1893258,0.3610429
1,76.537317,7,0,0,0,0,0,15.26042,45,11.612711,10.72522,10.865,0,0,0,0,0,0,0,0,0.9006,0.0002,0.0033,0.0066,6,6,73.9275,0,0,1,0.1808907,0.3517517
2,55.5,82.1,1,0,0,0,0,16.8186,0,10.846378,6.297596,2.43861,0,0,0,0,1,0,0,0,0.1605,0,0.6751,0,6,6,11.0874,0,0,7,0.4914524,0.7691449
0,53.812,107.1,0,1,0,0,0,15.42064,31,44.151259,6.186163,5.2782,0,0,0,0,1,0,0,0,0.2758,0,0.1836,0,7,6,40.6187,0,0,6,0.597977,0.8674625
1,57.536,65.9,1,0,0,0,0,16.96835,30,41.119069,6.455319,3.50491,0,0,1,0,1,0,0,0,0.7851,0.0001,0.0699,0,6,6,57.0209,0,0,6,0.357736,0.6198347
0,56.678,92.2,0,1,0,0,0,13.28855,31,25.470147,6.828442,0.394821,0,0,0,0,1,0,0,0,0.0458,0,0.9371,0,7,6,132.272,0,0,6,0.1194535,0.2301001
1,43.54,132,0,1,0,0,0,15.89656,31,6.3257764,5.601701,2.85148,0,1,0,0,1,0,0,0,0.0085,0,0.9016,0,7,6,36.9707,0,0,6,0.1789632,0.3496589
1,68.336585,44.6,0,0,0,0,0,16.60962,31,6.0554876,8.019674,13.1405,0,1,0,1,0,0,0,0,0.2818,0.0009,0.47,0.0011,7,3,149.337,0,0,5,0.6390723,0.8792133
2,58.401,99.7,1,0,0,0,0,18.48073,0,815.76893,5.572409,2.33873,0,0,1,1,0,0,0,0,0.001,0,0.883,0.006,7,5,19.6527,0,0,5,0.208174,0.4081176
2,74.984,17.8,1,0,0,0,0,13.07411,31,41.037468,10.39529,43.5477,0,0,0,1,0,0,0,0,0.071,0,0.8572,0.0185,6,6,78.6499,0,1,7,0.256984,0.450547
2,59.206,71.2,1,0,0,0,0,14.28797,31,52.830632,6.217985,2.74063,0,1,0,0,1,0,0,0,0.9044,0,0.0005,0,5,7,141.319,0,0,6,0.1730164,0.3455167
0,47.1,120.2,0,0,0,0,0,17.68851,0,48.086516,4.948077,6.43954,0,1,0,0,1,0,0,0,0.566,0.0002,0.32,0,6,6,14.4063,1,0,7,0.5642935,0.8805729
4,63.29,46.6,1,0,0,0,0,13.51887,31,3.7760173,6.997415,13.995,0,0,0,0,0,0,1,0,0.4221,0.0001,0.08,0.0021,5,6,142.566,0,0,5,0.5697087,0.9310871
2,64.58,62.9,0,0,0,0,1,17.86577,36,57.674635,6.759872,16.2348,0,0,0,0,1,0,0,0,0.1332,0,0.8598,0,6,5,52.7609,0,0,5,0.2429527,0.4762853
2,73.68,16.1,0,0,0,1,0,16.39891,44,17.809767,8.303574,11.8951,0,0,0,0,0,0,1,0,0.943,0.0007,0.0002,0.0001,6,6,64.5357,0,0,2,0.1076145,0.2145925
2,54.609,100.3,0,1,0,0,0,15.77557,44,257.61001,6.399601,0.969877,1,0,0,0,0,1,0,0,0.915,0,0.0003,0,6,6,39.8075,0,0,4,0.1556008,0.3109226
0,69.74122,24.4,0,0,0,0,1,16.95974,44,101.16344,8.193721,7.49372,0,0,0,0,0,0,0,0,0.9127,0.0004,0.002,0,8,4,42.9071,0,0,6,0.1597665,0.3172919
1,70.268,40.8,0,0,0,0,0,15.38454,31,84.012737,7.690737,0.367565,0,0,0,0,0,0,0,0,0.8458,0.0036,0.11,0,7,4,85.6379,0,0,6,0.270861,0.4906983
1,58.415,71.6,0,1,0,0,0,14.52361,27,1.9696711,6.455457,11.5664,0,0,0,0,1,0,0,0,0.0045,0,0.985,0,6,6,106.374,0,0,7,0.0296445,0.0587305
2,65.51,24.3,1,0,0,0,0,13.49892,31,39.881117,7.989079,2.5501,1,0,1,0,0,0,0,1,0.5689,0.0001,0.0692,0,6,6,129.5,0,0,6,0.5406649,0.9100859
1,76.6,7.4,0,0,0,0,0,17.88476,41,106.85982,10.24706,0.16175,0,0,0,0,0,0,0,0,0.7864,0.0101,0.0319,0.0054,7,5,43.8501,0,0,1,0.3528038,0.6249692
0,56.677,87.7,0,1,0,0,0,12.92779,30,221.16818,7.236032,0.937213,1,0,0,0,1,0,0,0,0.0096,0,0.98,0,7,6,51.3985,1,0,5,0.0393997,0.0776252
0,69.47561,14,0,0,0,0,0,14.26606,31,37.017551,8.819529,0,0,0,0,0,0,0,0,0,0.4362,0.0011,0.0027,0.0003,6,6,143.718,0,0,2,0.4964569,0.9808529
0,76.837561,7.5,0,0,0,0,0,17.47566,37,77.821804,9.851377,0.164838,0,0,0,0,0,0,0,0,0.9616,0.0003,0.0044,0.0004,7,5,35.5214,1,0,1,0.0741969,0.146396
1,76.878049,6.8,0,0,0,0,0,16.52032,44,442.87648,10.33334,1.32362,0,0,0,0,0,0,0,0,0.7588,0.0017,0.0356,0.0032,6,6,109.099,0,0,1,0.3826616,0.6892362
0,78.836829,4.6,0,0,0,0,0,18.63205,45,338.82885,10.37703,0.042233,1,0,0,1,0,0,0,0,0.03,0,0.0013,0.7462,6,6,19.6672,0,0,1,0.3927776,0.7227412
0,61.399,68,1,0,0,0,0,12.31589,31,744.05,7.530286,0,1,0,0,1,0,0,0,0,0.0017,0,0.9918,0.0051,7,5,168.08,0,0,6,0.0163019,0.0323872
1,60.371,69.2,1,0,0,0,0,11.19013,31,89.397531,7.034657,0,1,0,1,0,1,0,0,0,0.97,0,0,0.0001,6,7,158.875,0,0,1,0.058206,0.1163772
2,71.351,24.2,1,0,0,0,0,11.1079,31,151.58182,9.20704,0,1,0,1,0,0,0,1,0,0.8028,0,0.0051,0,5,7,175.925,0,0,3,0.3185837,0.6277294
0,64.827,75.9,0,0,0,0,0,15.78388,31,86.028095,7.428137,23.3367,0,1,0,0,0,0,0,0,0.0389,0.0031,0.9,0,7,3,83.0969,0,0,5,0.1851132,0.3425313
0,69.31561,15.2,0,0,0,0,0,16.15481,44,115.43327,9.051471,1.97473,0,1,0,0,0,0,0,0,0.777,0.0096,0.0016,0.0001,8,4,59.677,0,0,2,0.3513594,0.6802183
0,52.486,104.1,0,1,0,0,0,16.32248,31,38.577843,7.004853,2.96867,0,0,0,0,1,0,0,0,0.294,0,0.3867,0.0004,7,6,58.8015,0,0,6,0.6623297,0.8880037
3,76.051951,8.3,0,0,0,0,0,16.11483,45,325.898,10.25529,0.000295,0,0,0,0,0,0,0,0,0.8524,0.0032,0.0316,0.002,6,6,132.332,1,0,1,0.2601248,0.4765666
1,60.268,76.9,0,0,0,0,0,14.59674,45,1.4058968,6.89013,7.78261,0,1,0,1,0,0,0,0,0.0101,0,0.0429,0.416,7,3,58.6219,0,0,4,0.5430406,0.9406674
0,63.99,46.1,0,0,0,1,0,15.47469,0,253.61892,7.521454,1.29601,0,0,0,0,0,0,1,0,0.9671,0.0001,0.0003,0.0001,6,6,49.7825,0,0,3,0.0636677,0.1271466
3,71.597561,13.3,0,0,0,0,0,17.57367,38,444.42549,9.045114,0.059888,0,0,0,1,0,0,0,0,0.2341,0,0.0001,0.2165,6,6,56.983,0,0,2,0.5965945,0.8587513
2,70.705,19.6,1,0,0,0,0,12.45424,31,25.607992,9.985868,0.117247,1,0,1,0,0,1,0,0,0.8222,0.0016,0,0,6,6,110.12,0,0,2,0.2929382,0.5830948
0,71.152,33.1,0,0,0,0,1,14.50677,31,78.498938,7.965684,0,0,1,0,0,0,0,0,0,0.6195,0.0005,0.3354,0,8,4,61.6768,0,0,3,0.5017372,0.8907681
0,69.017,35.6,0,0,0,0,1,16.60832,44,7.5949625,9.455876,43.3413,0,0,1,1,0,0,0,0,0.0339,0,0.9485,0.0036,6,6,72.2313,0,1,7,0.0989896,0.190594
0,65.3,52.6,0,0,1,0,0,18.82182,45,17.869065,8.304753,2.48925,0,0,0,0,0,0,1,0,0.9538,0.0006,0.0003,0.0016,7,4,15.1618,1,0,2,0.0883529,0.1754359
0,49.949,138.6,0,1,0,0,0,15.6141,33,24.585276,5.988074,18.2613,0,0,0,0,1,0,0,0,0.0382,0,0.6685,0.0008,6,6,64.517,0,0,6,0.4660916,0.8403199
3,63.281,61.8,0,0,0,0,0,19.01642,0,100.15446,6.776742,12.5712,1,0,0,1,0,0,0,0,0.1077,0,0.842,0.01,6,6,49.0619,0,0,6,0.2777126,0.496096
2,49.589,92.7,0,0,0,0,0,14.9512,31,30.824861,5.030368,0,0,0,0,0,1,0,0,0,0.4855,0,0.4863,0,6,6,56.3772,0,0,6,0.5270068,0.9741179
0,55.104,85.3,0,0,0,1,0,15.74067,42,6.3290354,6.716951,10.6626,0,1,0,0,0,0,1,0,0.9543,0.0004,0.0002,0.0007,6,6,46.7033,0,0,2,0.0873395,0.1740119
2,51.003,97.7,0,1,0,0,0,16.2664,30,19.944687,5.794261,4.41295,1,0,0,0,1,0,0,0,0.5266,0,0.0214,0.0003,7,5,44.6293,0,0,4,0.5182015,0.9743875
0,42.915,159.4,0,0,1,0,0,16.39933,0,16.846371,5.228262,8.60447,0,0,0,0,1,0,0,0,0.3805,0,0.16,0,7,5,44.2422,0,0,6,0.6184795,0.9012667
1,47.183,173.7,0,0,0,0,0,14.55613,0,21.773588,5.291475,38.8586,0,0,1,0,1,0,0,0,0.36,0,0.18,0,6,6,99.0529,0,0,7,0.6264,0.895104
